trial,testing,parameters,initial_deadline,final_deadline,net_reward,actions,success
1,False,"{'a': 0.5, 'e': 0.95}",20,0,-193.51730683311806,"{0: 8, 1: 4, 2: 4, 3: 1, 4: 3}",0
2,False,"{'a': 0.5, 'e': 0.95}",25,0,-45.65174006346671,"{0: 16, 1: 4, 2: 5, 3: 0, 4: 0}",0
3,False,"{'a': 0.5, 'e': 0.95}",25,0,-152.3603655063686,"{0: 11, 1: 3, 2: 9, 3: 1, 4: 1}",0
4,False,"{'a': 0.5, 'e': 0.95}",20,0,-55.63390429705569,"{0: 12, 1: 2, 2: 6, 3: 0, 4: 0}",0
5,False,"{'a': 0.5, 'e': 0.95}",30,0,-177.44618164578026,"{0: 13, 1: 4, 2: 11, 3: 1, 4: 1}",0
6,False,"{'a': 0.5, 'e': 0.95}",35,0,-118.02002168666829,"{0: 22, 1: 5, 2: 5, 3: 2, 4: 1}",0
7,False,"{'a': 0.5, 'e': 0.95}",25,0,-84.52875508783335,"{0: 16, 1: 0, 2: 8, 3: 1, 4: 0}",0
8,False,"{'a': 0.5, 'e': 0.95}",20,0,-164.71652815641016,"{0: 10, 1: 4, 2: 3, 3: 0, 4: 3}",0
9,False,"{'a': 0.5, 'e': 0.95}",20,0,-143.7626960862852,"{0: 9, 1: 0, 2: 8, 3: 2, 4: 1}",0
